Workbook

Sheet Plan_FP90
A1: Plan de intervenciones — Escenario FP90 (sin caldera 90%, con caldera 99.0%)
A3: Evento | B3: Unidad | C3: Caldera | D3: Inicio | E3: Fin | F3: Días salida | G3: Código | H3: Tarea | I3: Horas al ejecutar | J3: Intervalo (h) | K3: % intervalo | L3: Atraso heredado | M3: Estado | N3: Año
A4: 1 | B4: U9 | C4: Sí | D4: 46204 | E4: 46226 | F4: 23 | G4: LC | H4: Lavado caldera | I4: 1150 | J4: =INDEX([1]Parámetros!$C$4:$C$10,MATCH(G4,[1]Parámetros!$A$4:$A$10,0)) -> 1500 | K4: =I4/J4 -> 0.76666667 | L4: No | M4: =IF(L4="Sí","Atraso heredado",IF(K4<[1]Parámetros!$E$13,"Adelantado",IF(K4<=[1]Parámetros!$E$14,"En ventana ±10%","Fuera de ventana"))) -> Adelantado | N4: =YEAR(D4) -> 2026
A5: 1 | B5: U9 | C5: Sí | D5: 46204 | E5: 46226 | F5: 23 | G5: 12K | H5: Mantenimiento 12k (OVH) | I5: 13109 | J5: =INDEX([1]Parámetros!$C$4:$C$10,MATCH(G5,[1]Parámetros!$A$4:$A$10,0)) -> 12000 | K5: =I5/J5 -> 1.0924167 | L5: No | M5: =IF(L5="Sí","Atraso heredado",IF(K5<[1]Parámetros!$E$13,"Adelantado",IF(K5<=[1]Parámetros!$E$14,"En ventana ±10%","Fuera de ventana"))) -> En ventana ±10% | N5: =YEAR(D5) -> 2026
A6: 1 | B6: U9 | C6: Sí | D6: 46204 | E6: 46226 | F6: 23 | G6: TC | H6: Mantto. turbocargadores | I6: 13107 | J6: =INDEX([1]Parámetros!$C$4:$C$10,MATCH(G6,[1]Parámetros!$A$4:$A$10,0)) -> 12000 | K6: =I6/J6 -> 1.09225 | L6: No | M6: =IF(L6="Sí","Atraso heredado",IF(K6<[1]Parámetros!$E$13,"Adelantado",IF(K6<=[1]Parámetros!$E$14,"En ventana ±10%","Fuera de ventana"))) -> En ventana ±10% | N6: =YEAR(D6) -> 2026
A7: 1 | B7: U9 | C7: Sí | D7: 46204 | E7: 46226 | F7: 23 | G7: MB | H7: Cojinetes de bancada MB | I7: 27045 | J7: =INDEX([1]Parámetros!$C$4:$C$10,MATCH(G7,[1]Parámetros!$A$4:$A$10,0)) -> 24000 | K7: =I7/J7 -> 1.126875 | L7: Sí | M7: =IF(L7="Sí","Atraso heredado",IF(K7<[1]Parámetros!$E$13,"Adelantado",IF(K7<=[1]Parámetros!$E$14,"En ventana ±10%","Fuera de ventana"))) -> Atraso heredado | N7: =YEAR(D7) -> 2026
A8: 2 | B8: U13 | C8: No | D8: 46227 | E8: 46230 | F8: 4 | G8: 3K | H8: Mantenimiento 3k | I8: 4500 | J8: =INDEX([1]Parámetros!$C$4:$C$10,MATCH(G8,[1]Parámetros!$A$4:$A$10,0)) -> 3000 | K8: =I8/J8 -> 1.5 | L8: Sí | M8: =IF(L8="Sí","Atraso heredado",IF(K8<[1]Parámetros!$E$13,"Adelantado",IF(K8<=[1]Parámetros!$E$14,"En ventana ±10%","Fuera de ventana"))) -> Atraso heredado | N8: =YEAR(D8) -> 2026
A9: 3 | B9: U15 | C9: Sí | D9: 46231 | E9: 46232 | F9: 2 | G9: LC | H9: Lavado caldera | I9: 1487 | J9: =INDEX([1]Parámetros!$C$4:$C$10,MATCH(G9,[1]Parámetros!$A$4:$A$10,0)) -> 1500 | K9: =I9/J9 -> 0.99133333 | L9: No | M9: =IF(L9="Sí","Atraso heredado",IF(K9<[1]Parámetros!$E$13,"Adelantado",IF(K9<=[1]Parámetros!$E$14,"En ventana ±10%","Fuera de ventana"))) -> En ventana ±10% | N9: =YEAR(D9) -> 2026
A10: 4 | B10: U7 | C10: Sí | D10: 46233 | E10: 46246 | F10: 14 | G10: 6K | H10: Mantenimiento 6k | I10: 7034 | J10: =INDEX([1]Parámetros!$C$4:$C$10,MATCH(G10,[1]Parámetros!$A$4:$A$10,0)) -> 6000 | K10: =I10/J10 -> 1.1723333 | L10: No | M10: =IF(L10="Sí","Atraso heredado",IF(K10<[1]Parámetros!$E$13,"Adelantado",IF(K10<=[1]Parámetros!$E$14,"En ventana ±10%","Fuera de ventana"))) -> Fuera de ventana | N10: =YEAR(D10) -> 2026
A11: 4 | B11: U7 | C11: Sí | D11: 46233 | E11: 46246 | F11: 14 | G11: BEB | H11: Horas BEB | I11: 14046 | J11: =INDEX([1]Parámetros!$C$4:$C$10,MATCH(G11,[1]Parámetros!$A$4:$A$10,0)) -> 12000 | K11: =I11/J11 -> 1.1705 | L11: Sí | M11: =IF(L11="Sí","Atraso heredado",IF(K11<[1]Parámetros!$E$13,"Adelantado",IF(K11<=[1]Parámetros!$E$14,"En ventana ±10%","Fuera de ventana"))) -> Atraso heredado | N11: =YEAR(D11) -> 2026
A12: 4 | B12: U7 | C12: Sí | D12: 46233 | E12: 46246 | F12: 14 | G12: MB | H12: Cojinetes de bancada MB | I12: 36957 | J12: =INDEX([1]Parámetros!$C$4:$C$10,MATCH(G12,[1]Parámetros!$A$4:$A$10,0)) -> 24000 | K12: =I12/J12 -> 1.539875 | L12: Sí | M12: =IF(L12="Sí","Atraso heredado",IF(K12<[1]Parámetros!$E$13,"Adelantado",IF(K12<=[1]Parámetros!$E$14,"En ventana ±10%","Fuera de ventana"))) -> Atraso heredado | N12: =YEAR(D12) -> 2026
A13: 4 | B13: U7 | C13: Sí | D13: 46233 | E13: 46246 | F13: 14 | G13: 3K | H13: Mantenimiento 3k | I13: 4004 | J13: =INDEX([1]Parámetros!$C$4:$C$10,MATCH(G13,[1]Parámetros!$A$4:$A$10,0)) -> 3000 | K13: =I13/J13 -> 1.3346667 | L13: Sí | M13: =IF(L13="Sí","Atraso heredado",IF(K13<[1]Parámetros!$E$13,"Adelantado",IF(K13<=[1]Parámetros!$E$14,"En ventana ±10%","Fuera de ventana"))) -> Atraso heredado | N13: =YEAR(D13) -> 2026
A14: 5 | B14: U8 | C14: Sí | D14: 46247 | E14: 46254 | F14: 8 | G14: LC | H14: Lavado caldera | I14: 1426 | J14: =INDEX([1]Parámetros!$C$4:$C$10,MATCH(G14,[1]Parámetros!$A$4:$A$10,0)) -> 1500 | K14: =I14/J14 -> 0.95066667 | L14: No | M14: =IF(L14="Sí","Atraso heredado",IF(K14<[1]Parámetros!$E$13,"Adelantado",IF(K14<=[1]Parámetros!$E$14,"En ventana ±10%","Fuera de ventana"))) -> En ventana ±10% | N14: =YEAR(D14) -> 2026
A15: 5 | B15: U8 | C15: Sí | D15: 46247 | E15: 46254 | F15: 8 | G15: MB | H15: Cojinetes de bancada MB | I15: 39999 | J15: =INDEX([1]Parámetros!$C$4:$C$10,MATCH(G15,[1]Parámetros!$A$4:$A$10,0)) -> 24000 | K15: =I15/J15 -> 1.666625 | L15: Sí | M15: =IF(L15="Sí","Atraso heredado",IF(K15<[1]Parámetros!$E$13,"Adelantado",IF(K15<=[1]Parámetros!$E$14,"En ventana ±10%","Fuera de ventana"))) -> Atraso heredado | N15: =YEAR(D15) -> 2026
... A321: 127 | B321: U16 | C321: No | D321: 47480 | E321: 47502 | F321: 23 | G321: 3K | H321: Mantenimiento 3k | I321: 6026 | J321: =INDEX([1]Parámetros!$C$4:$C$10,MATCH(G321,[1]Parámetros!$A$4:$A$10,0)) -> 3000 | K321: =I321/J321 -> 2.0086667 | L321: No | M321: =IF(L321="Sí","Atraso heredado",IF(K321<[1]Parámetros!$E$13,"Adelantado",IF(K321<=[1]Parámetros!$E$14,"En ventana ±10%","Fuera de ventana"))) -> Fuera de ventana | N321: =YEAR(D321) -> 2029
